facture_id,id_dossier,date_emission,montant_ht,taux_tva,montant_ttc,statut
674bd93d-6e81-446a-bb8c-10dd72c6687d,de856a6f-54a3-4733-9048-d8edc3c8939a,2024-07-08,17194.49,0.2,20633.39,Relancée
230fefd7-ac84-424a-8981-586d9813a1fc,5ef07712-af0d-4cb3-b1e8-dea4a4580a29,2023-07-17,19128.65,0.2,22954.38,Relancée
9d6adb6e-3c6a-499b-872c-fd1f1f2a7504,8492a77e-d4fd-44f2-9a64-6257ba4e3007,2024-04-11,17575.28,0.2,21090.34,Émise
79befb36-3f58-46e4-a750-605b803258ce,843a9872-f627-46be-93a6-67a7a4742534,2025-03-26,5460.63,0.2,6552.76,Relancée
a2dc700a-f59b-4112-a45a-3026f1f72de0,d9d812c0-f98a-4596-a7f1-19c1be01c80c,2023-05-04,19951.09,0.2,23941.31,Relancée
efb187c0-e0a8-4444-8f86-105b8f1bf82f,7045eea4-e3d4-4c2a-85cd-15203afcc15d,2023-05-07,9245.46,0.2,11094.55,Émise
1c8923f3-794c-409f-a3dc-15cdc8c5a465,328f9a65-b3c0-4835-97a1-c04618ea6bfa,2025-04-11,9429.89,0.2,11315.87,Relancée
ce27e50c-fae6-4cdf-9e48-439abf5bc28b,11400748-cd6e-4a60-a8dc-b8ccfaf13cb7,2025-05-08,18165.06,0.2,21798.07,Émise
0942ecc5-4e4a-4be5-9049-06683096acf8,63d65e67-1fa9-458c-80ac-b86c279683ed,2024-05-23,16126.73,0.2,19352.08,Payée
08e599ca-b4fc-4fb6-b97c-7eab3a314a5f,9ac0a98a-83c1-44c7-a7c5-e133505b66ed,2024-03-27,8121.98,0.2,9746.38,Émise
b4cbf0fb-4a75-48e4-be64-b046b952430a,50e44b65-b025-44f1-a147-21356e86f3de,2022-09-05,11092.16,0.2,13310.59,Relancée
59414aeb-f138-41e9-9018-99892af09c4f,d50de8ff-16e9-4d43-9f15-b0b4160b3b75,2025-03-01,4229.69,0.2,5075.63,Émise
27fcc903-58c0-4c0c-8262-a904e3f826ee,5ef07712-af0d-4cb3-b1e8-dea4a4580a29,2023-05-24,12774.5,0.2,15329.4,Émise
d7f51b7f-4429-4d4a-a7de-2ef4b3ba4921,f28715a5-6113-4310-944a-97fc62d6dcf8,2024-06-19,18343.75,0.2,22012.5,Émise
2e95bd09-a19c-4f9a-8311-ef115c349257,e8bf4353-788a-4115-852c-00140a9d4527,2025-01-26,9761.85,0.2,11714.22,Payée
df79289d-493b-4044-b37c-7b1a5c63e2f1,5eb7e4b2-59f0-4004-94ce-6723c90bd53e,2024-05-19,5851.21,0.2,7021.45,Émise
0be6b2ce-ac6d-45b8-931f-f8cb147b8414,f8274b5f-57fb-4135-8047-e10f465da7a3,2024-03-17,18122.98,0.2,21747.58,Relancée
ee989aa5-e212-42c2-a564-bead45cb4a1f,4290fff6-a80e-431c-a88b-db8efa0ce72f,2022-07-28,4001.54,0.2,4801.85,Payée
937a2bc1-1b2c-4752-a8da-cdf482d30981,367d9f2d-0a86-4c08-b036-372639a512f7,2025-07-20,19765.38,0.2,23718.46,Payée
348ec532-dbe6-4bb2-8681-3a5a0547e249,c8986a69-d97e-4f85-a9a3-f1d85d927eb2,2023-06-20,14115.96,0.2,16939.15,Payée
2fc9cff4-a68c-4e9f-a1b6-26efeb137e01,ff0c6248-ed13-4f38-b725-27842abfb457,2023-06-06,4785.12,0.2,5742.14,Payée
2480b29e-843f-4d76-96bb-de520b7a7767,edb86c4c-8504-4e7f-a82b-3185341de3b9,2023-09-27,3026.41,0.2,3631.69,Payée
4c53f15c-b168-4c30-9949-06ad21067520,87db4dd7-2b2a-4fa6-9861-45c572cbf7fa,2025-07-19,7820.22,0.2,9384.26,Payée
4835f17e-62ae-4831-932e-051256b46038,9f1536ed-7682-4baf-b712-a636e5d0bef7,2022-10-27,1416.85,0.2,1700.22,Relancée
996966f8-16ea-468b-88e3-0e63574df575,a7ff57e5-b6d5-45e4-94c5-9665832397ae,2025-01-03,6215.13,0.2,7458.16,Relancée
6e0702e7-21de-45a4-9604-ca59709d5d0f,9b234da1-15af-44d8-bd79-fbaf80a78dfb,2022-12-27,18301.72,0.2,21962.06,Relancée
2a156777-116a-4e47-a987-e6579490467b,f28715a5-6113-4310-944a-97fc62d6dcf8,2024-11-02,16823.94,0.2,20188.73,Payée
220239e5-f865-4f21-8424-7d3976e9c123,00fa7c13-1986-4c7e-923a-0fa0825ff147,2023-05-08,12534.23,0.2,15041.08,Payée
30d78438-add4-437d-8166-0df7d0092b8c,2d1cc68c-c65a-4064-8718-47f4f9607871,2024-02-10,13095.74,0.2,15714.89,Relancée
2cc4dc11-69b8-49eb-8b50-7aba69a82751,7a68a2db-206c-463a-874c-ce554fc5103b,2023-12-10,13877.52,0.2,16653.02,Relancée
bb463ab9-f567-47a6-83e8-60d9d3a062f0,93ad3a40-c852-43b8-af5e-7f8d608aba02,2023-05-24,12936.71,0.2,15524.05,Relancée
d6828646-b5c7-4316-9609-09903e711f61,ec184383-99d6-4bf4-9ad4-fd7dd113b9d2,2024-07-01,6869.72,0.2,8243.66,Payée
5894e843-3095-4aff-af19-80c6a7b3cfc9,b2bd2fa7-4177-4eef-801d-e4636cbfd6cb,2023-01-15,12011.9,0.2,14414.28,Relancée
b001ac49-a123-47f6-9a58-93bbfae7a8f4,9bec7d9b-ca21-4ce2-8f26-deaaccd0d787,2023-09-02,2712.53,0.2,3255.04,Payée
5014b855-3218-4be1-a12a-aba9faec2f7e,63d65e67-1fa9-458c-80ac-b86c279683ed,2025-05-28,15202.14,0.2,18242.57,Émise
3bbdb9a2-e01c-4027-83fc-3e317df51e49,f7f7d702-9eb1-4c55-aa8d-219d697febb5,2024-08-20,3511.04,0.2,4213.25,Relancée
b01a3198-4fd0-4698-9181-2f33293dd177,d2b7d700-e402-4d2b-a73e-77c67e524ee8,2024-10-18,11086.2,0.2,13303.44,Payée
e3cc2e50-72e2-40f1-86ea-883645ff57dc,87d0ddf5-77c4-4f8c-84c0-1fc9ea226e41,2025-04-09,5882.43,0.2,7058.92,Payée
c69f58a7-bfcf-4d2b-83e8-2ff6cbcc1e59,9f1536ed-7682-4baf-b712-a636e5d0bef7,2023-11-20,15184.63,0.2,18221.56,Payée
d20bcd3c-5d6d-4c92-8d0c-07a6e2245cea,852e0a6d-857f-468b-bcec-6f38a233264a,2025-02-03,9898.3,0.2,11877.96,Émise
3e2f975b-327a-4c56-a362-3b654962dbc6,33c2409d-4c78-4c01-829d-ec90310d94b2,2024-03-16,15328.88,0.2,18394.66,Émise
7e59ef97-5eca-41f7-a3f1-16c82847aceb,a7ff57e5-b6d5-45e4-94c5-9665832397ae,2025-02-25,19378.13,0.2,23253.76,Relancée
d7c0cca1-0040-4f6a-8ff4-b6acf5d23c42,d2b7d700-e402-4d2b-a73e-77c67e524ee8,2024-03-22,2715.75,0.2,3258.9,Payée
a899b2bf-6d13-45c5-9b06-57a4ad15546b,bdbf9d61-f0d3-4b6f-8120-fe05a48d84c3,2025-01-18,6024.71,0.2,7229.65,Émise
3374dbc8-1c15-4034-b784-dda20e7d50f0,3ba4c7d7-5a41-486e-8bef-3fe7e7c59a05,2023-01-15,8003.13,0.2,9603.76,Relancée
b75e6261-db24-46c6-abe4-24df3d5bb594,7887fae6-96f7-4f43-9ff8-4544fd4c2336,2024-01-13,12106.64,0.2,14527.97,Relancée
e46d76ec-e24e-4648-a3c7-324a7bb53f32,6c4e095b-962a-4e27-907b-fa5a90a4dba3,2024-01-19,3058.58,0.2,3670.3,Émise
654391d1-d73c-459f-83fc-7bbe3753b48f,435ed83c-bb7e-465c-b4aa-287d9d1e6957,2024-07-02,1475.47,0.2,1770.56,Relancée
c0042944-3a58-4fad-a1d7-f662b4254b13,63d65e67-1fa9-458c-80ac-b86c279683ed,2025-03-07,18389.86,0.2,22067.83,Émise
a2ca7bb6-32de-416e-bc30-874f4c6042f8,aabd37b3-d214-4f66-bf6d-a323435a95e0,2023-04-16,13072.67,0.2,15687.2,Payée
a43380bc-7493-402a-8230-847b397ae23e,ff0c6248-ed13-4f38-b725-27842abfb457,2025-06-02,13335.55,0.2,16002.66,Émise
ecc55749-468d-4cbf-a2fc-6fa6e5b9c5c9,93ad3a40-c852-43b8-af5e-7f8d608aba02,2023-10-27,1861.59,0.2,2233.91,Émise
1ac3bbda-5328-488a-a73e-1beeee761c66,ff0c6248-ed13-4f38-b725-27842abfb457,2025-03-02,19922.62,0.2,23907.14,Émise
061a2b8c-a506-470a-87af-3890adb034fe,f0719de2-682b-43fa-921e-2a98a54da4f6,2025-01-23,5461.2,0.2,6553.44,Relancée
04d765c1-9d6b-46c2-a5b1-60949842d06c,386ce6ce-08a5-4bdc-b65a-c72d823e1870,2022-11-30,8384.27,0.2,10061.12,Payée
4006cfc5-2c05-464d-8952-a480f2dbef31,0d2db5a4-367a-4f1c-a4e0-acde143d5957,2025-05-31,8963.41,0.2,10756.09,Relancée
4f9c6b33-3253-4114-8f30-c18bb79a4e71,6a0c1ae8-a761-407b-868f-a78dc2f8f267,2023-02-15,17822.86,0.2,21387.43,Relancée
37c7b95c-0b47-495f-8562-f337e8d68bc0,328f9a65-b3c0-4835-97a1-c04618ea6bfa,2023-11-20,16840.17,0.2,20208.2,Relancée
0962959e-cb12-46a1-a4c7-bdbf8a3abba1,9292307a-94a6-40fe-82a9-f9c8f9b2e743,2023-01-21,18842.01,0.2,22610.41,Payée
da36b6b6-a0b2-4164-8994-13e48c6bec2c,b2bd2fa7-4177-4eef-801d-e4636cbfd6cb,2023-07-27,14115.33,0.2,16938.4,Émise
4d92798e-a66b-4104-8f4e-2fd7d2e8c090,c96ec555-0999-48ab-bfbb-b7d191d53cab,2023-11-08,9449.22,0.2,11339.06,Émise
1ac4bdaa-46f3-48f8-b81b-e2f55e8f00b2,c102b141-a882-4db1-8f7b-061fa3909fe6,2023-01-19,2887.74,0.2,3465.29,Relancée
d49c6f91-1ba9-44c5-998e-07dec1015530,df65f114-c111-4815-a52e-37c3cf451607,2023-05-02,11344.85,0.2,13613.82,Relancée
0fc4b419-9f1f-4264-ad48-4b5ae0c53e81,9ac0a98a-83c1-44c7-a7c5-e133505b66ed,2024-02-21,2150.45,0.2,2580.54,Payée
46eca31c-e9cc-497a-a391-36cd55564b16,8c64a9b1-2a6b-4d38-b2c4-27410cdcc6a5,2025-07-03,19395.93,0.2,23275.12,Payée
59dafbc5-5844-4b53-88d4-c8bdf66da452,7045eea4-e3d4-4c2a-85cd-15203afcc15d,2023-02-26,13592.61,0.2,16311.13,Relancée
903342cf-850f-4dd3-9cc2-360a53c87ea6,35e0b91a-7738-44b0-9dc6-314af0111e05,2024-09-22,1960.99,0.2,2353.19,Payée
3517f56d-d232-462c-883a-2271ef481ab7,50e44b65-b025-44f1-a147-21356e86f3de,2024-03-16,19787.6,0.2,23745.12,Relancée
e14adcc8-aac6-49a3-94e8-0b1942f489cc,2f9ffe63-1122-4a41-b385-0fc011fd3e91,2024-05-01,2303.59,0.2,2764.31,Relancée
f5701f15-d052-49de-9302-7e4cf21230d0,d51bdc64-5a8e-4e7a-83d7-b4f450018661,2025-02-02,12141.28,0.2,14569.54,Émise
d3ade144-4a0f-4618-a98f-eb675a4acdaf,de856a6f-54a3-4733-9048-d8edc3c8939a,2023-02-21,15713.0,0.2,18855.6,Relancée
bb746165-e85f-4cbf-a367-b2eeab7862a7,545b783a-2080-4167-ad84-2651e2342fb5,2024-12-30,6268.22,0.2,7521.86,Émise
c65b7482-98d7-427f-bcee-3fe47cd8b1fe,9bec7d9b-ca21-4ce2-8f26-deaaccd0d787,2024-03-09,11264.09,0.2,13516.91,Émise
eb1b9021-c8ac-412d-ad39-8d0a900fe924,a4755241-8721-481d-b236-540d67589044,2024-05-09,13560.1,0.2,16272.12,Émise
a115f5ce-3c8f-43e6-9fcb-756b43275d43,9bec7d9b-ca21-4ce2-8f26-deaaccd0d787,2023-05-06,1282.35,0.2,1538.82,Émise
6d3cfde8-e267-4dcf-aeb2-16f53af19168,2466c1bb-7f5c-4236-961f-ecec05719d7a,2024-08-16,1299.84,0.2,1559.81,Payée
d41e8bbe-7f73-445f-86a3-e4470a65e328,573285a1-761a-4c72-9cbf-fbd79cc6da88,2025-04-04,3408.41,0.2,4090.09,Payée
1beb08b3-69fb-4596-a8cc-e5e1f04c3e60,db3ea9ad-a69a-443f-983c-6bf46028ad66,2024-11-02,3159.34,0.2,3791.21,Émise
beab65f2-c57a-467f-bf12-5df0b6b22792,a0628de8-7218-44d1-818e-0d574f9fed8f,2025-07-03,9517.23,0.2,11420.68,Payée
6eddc7e5-1539-41f7-8784-c77187d7ce3e,3baa46cb-83ff-46bb-9904-040db6558921,2025-04-19,12279.65,0.2,14735.58,Payée
f3f92a14-0164-422c-a218-56e5daca48a9,3812653d-ee0c-4bf0-9e9c-5754d44c991b,2023-04-17,5209.45,0.2,6251.34,Relancée
e3911838-5b3f-42e3-9797-16dd4ccb9196,5d10b768-3b3d-47f2-8d04-d2094e3781b7,2024-11-30,14817.62,0.2,17781.14,Relancée
f1870ec8-12d1-4a15-8850-3fb29fbe5cec,4c479ea5-5830-43b3-a98a-022c2eba90c1,2023-04-07,6730.98,0.2,8077.18,Relancée
8177509c-eb60-470f-ab42-dc166b6dc5e3,b5c03709-2a38-4f91-a166-e6648c8a42cd,2024-08-20,2155.68,0.2,2586.82,Payée
a32fe385-ec79-4cbd-a950-2f9ea9d18c23,f4ae22ce-607d-429e-af02-92cb70ad5efb,2023-10-13,9099.2,0.2,10919.04,Émise
2aa152d2-c153-491d-b9c3-fd09aa09ed20,af518df3-f84d-438d-9966-aecc0d0ddc4d,2023-02-24,14535.62,0.2,17442.74,Payée
5dd01776-8e5f-4424-aef8-2041cc6252eb,3ebb9085-e5b4-45fe-9371-6ea9ec7f365c,2023-05-08,18086.07,0.2,21703.28,Payée
1ba71ea8-c252-4b55-8605-d5f6e7f9fa18,e20911e6-4c21-4262-952d-3657f232b68c,2023-11-22,2247.96,0.2,2697.55,Payée
814ca8bf-6e51-451b-bc54-3dfb70db223c,fe95d0e9-85f2-43a8-a6c2-871cc63f19f7,2024-06-21,11418.77,0.2,13702.52,Payée
d83bfd4d-8742-4d15-82fd-aae047bd757e,5ef07712-af0d-4cb3-b1e8-dea4a4580a29,2025-03-10,19897.93,0.2,23877.52,Relancée
893ce92f-34f4-4bd1-8193-ecf29be9c0ef,9f1536ed-7682-4baf-b712-a636e5d0bef7,2022-10-13,9620.59,0.2,11544.71,Relancée
447cef9f-dcfa-46c8-9718-67a0bdf2f57e,10e7ec70-18c8-460f-9e8f-7d62a0687233,2024-01-30,2884.39,0.2,3461.27,Relancée
d8d27215-f42e-4207-afce-91e6567f74d7,852e0a6d-857f-468b-bcec-6f38a233264a,2022-08-05,17203.06,0.2,20643.67,Relancée
314cbcec-6eb7-4244-b41d-0c41aba82db8,b8423ed1-64a8-4af3-942b-18e0c7ce3226,2024-08-12,14695.96,0.2,17635.15,Émise
566173d7-2bd7-47b8-8455-3077d32f5941,10e7ec70-18c8-460f-9e8f-7d62a0687233,2023-02-19,9579.54,0.2,11495.45,Émise
6270b44f-3300-4fcf-b680-c75459bb17cc,c4a1c050-32ab-4517-a48a-940bc6dc7edf,2023-05-21,7439.7,0.2,8927.64,Payée
124c7a41-4a5f-4d07-afff-196c04548af0,f4ae22ce-607d-429e-af02-92cb70ad5efb,2024-03-09,8903.8,0.2,10684.56,Émise
7c06f325-d682-4ec1-ba6d-ffa5e31f913e,f24d314f-7164-4d41-ab19-5da9a7545fd8,2024-12-10,9108.52,0.2,10930.22,Relancée
157cad1c-fa32-48c9-8d05-35248e304fa6,a0f81947-137b-47bd-8cac-2d771a70a3e0,2024-09-14,8111.72,0.2,9734.06,Émise
4bf07783-1d99-43d5-8274-c31e3c20de2b,a0628de8-7218-44d1-818e-0d574f9fed8f,2025-05-01,2275.53,0.2,2730.64,Émise
4e202790-447f-4cb7-8d2e-7f3f18b30d2f,7045eea4-e3d4-4c2a-85cd-15203afcc15d,2024-08-28,9205.65,0.2,11046.78,Relancée
1e20a14f-7bad-4cf9-b948-58e9b49305a2,6c4e095b-962a-4e27-907b-fa5a90a4dba3,2024-04-17,16423.62,0.2,19708.34,Relancée
4fc0159b-178f-4eab-935a-9ec6252d2e66,f7bf44a5-d389-47da-97b5-2092817aed72,2025-06-19,12142.84,0.2,14571.41,Relancée
4e811e5d-cdc6-48c9-bc67-1e2e5206e5ef,e6c15b83-4920-4ed7-b094-4fe8eeb78588,2024-08-23,7263.27,0.2,8715.92,Émise
b07abb8e-432e-49ff-afe9-0c31f1b96411,c4a1c050-32ab-4517-a48a-940bc6dc7edf,2024-04-27,7718.36,0.2,9262.03,Relancée
6892bae0-8924-42f4-8247-291efab2e4ae,c8986a69-d97e-4f85-a9a3-f1d85d927eb2,2024-06-10,17493.75,0.2,20992.5,Relancée
7118fd22-a483-40f1-bee3-4a850276eabc,573285a1-761a-4c72-9cbf-fbd79cc6da88,2024-08-19,19399.57,0.2,23279.48,Relancée
905d0d8a-488e-4eaa-8481-ddd452c25f91,2a9a1ecf-1338-43b8-80c7-f3c79edbe83d,2023-04-07,7681.28,0.2,9217.54,Relancée
5dfbeae3-483c-4d48-9340-1d85f16c8ffd,ed2e758f-1b23-45bf-8701-decd93182ddb,2022-11-27,5042.04,0.2,6050.45,Relancée
efd4355d-37ac-4e20-9fd7-17ff1ff13932,edb86c4c-8504-4e7f-a82b-3185341de3b9,2024-12-16,5260.65,0.2,6312.78,Émise
36f9e478-7f1e-4923-a178-885db0b34793,564ff187-0755-430b-9b56-2d65fcad98ae,2022-09-07,17062.09,0.2,20474.51,Payée
8c4806f7-5403-4801-90bb-b1ec05f7ab66,852e0a6d-857f-468b-bcec-6f38a233264a,2023-06-29,15489.51,0.2,18587.41,Relancée
ed863942-02e2-4919-846d-7c741abf8160,99f0fbb9-d8d9-4ef2-b8be-ddab91aa33d8,2023-10-18,16337.21,0.2,19604.65,Relancée
b7df9358-17ac-4187-932a-4d634b550571,073dc60b-9896-4b2d-8c6d-a84f3edaa756,2022-09-10,1498.82,0.2,1798.58,Relancée
b4a53d80-f5eb-4edb-b8b8-dec5cb38a984,dd66d9ff-2cb9-4001-b6ba-d50c6db32d2e,2023-09-21,1550.11,0.2,1860.13,Payée
2e9e2020-4e2d-4027-8432-7325bb6fbe99,2a9a1ecf-1338-43b8-80c7-f3c79edbe83d,2023-07-06,18509.21,0.2,22211.05,Payée
dd05be00-43b3-42b2-9d96-6ce7df6a3207,96046024-504f-4b61-b7cd-04ee0afddfd5,2024-11-03,4446.71,0.2,5336.05,Émise
bd5c4054-a54c-4606-9899-64b2f5f1d2c7,12b5475b-3c3c-4686-bd19-efa37166d9be,2023-10-13,13489.55,0.2,16187.46,Émise
27130e07-5ce1-487c-93c1-442c3238318f,33c2409d-4c78-4c01-829d-ec90310d94b2,2023-04-09,15078.41,0.2,18094.09,Émise
e8d442a7-4721-4492-a2b9-443d4f56f314,7045eea4-e3d4-4c2a-85cd-15203afcc15d,2024-07-01,15176.12,0.2,18211.34,Émise
599a7d0e-9713-41c9-bda5-7603ffb80d9b,3a2c9f07-e085-4ce2-9a4c-4f7c1781d67e,2024-12-16,8976.82,0.2,10772.18,Payée
9244d46d-08b4-4f88-b89b-463e6c73f3d8,5232e692-68f1-437c-bb6e-f8e1b4fb09a1,2024-08-29,8031.01,0.2,9637.21,Relancée
7fe5458f-456a-49ae-a777-d6ceb7382b47,63d65e67-1fa9-458c-80ac-b86c279683ed,2024-11-21,15759.88,0.2,18911.86,Relancée
e61624fd-03a4-432f-9d18-ec99f9537683,84735a55-224d-4cbf-b7e6-047615e4ccae,2024-09-22,17783.5,0.2,21340.2,Émise
e48ab03b-cc54-4fbe-ab6b-336c2f764eca,5232e692-68f1-437c-bb6e-f8e1b4fb09a1,2023-01-13,15334.28,0.2,18401.14,Émise
e82d1b60-1b45-444b-973c-c536c9d019c2,c2b04ca8-21a2-4b09-846e-846f4ea91d9a,2024-12-27,6169.95,0.2,7403.94,Relancée
da5a64bf-a428-424e-8b85-4aa469280872,c8986a69-d97e-4f85-a9a3-f1d85d927eb2,2023-01-15,10227.57,0.2,12273.08,Payée
1ebb36c5-bd04-4121-ac7b-f972c3345248,1d2ae70c-42d2-4253-9f9c-dba0833b12ef,2023-09-11,6190.17,0.2,7428.2,Relancée
d6cf071a-0506-47c6-b67b-0e29b9252cfe,852e0a6d-857f-468b-bcec-6f38a233264a,2024-11-11,7558.28,0.2,9069.94,Émise
d460d92d-1c19-41ef-bf5b-ceaa0515d86e,509d0159-970b-4e76-a0d8-5e785e9b30bd,2024-02-11,13886.14,0.2,16663.37,Relancée
93457ee0-426d-4933-ab8c-c892c451f236,8492a77e-d4fd-44f2-9a64-6257ba4e3007,2024-11-10,11011.75,0.2,13214.1,Payée
f83762ad-6b86-4ce4-a211-0312277dec96,5d10b768-3b3d-47f2-8d04-d2094e3781b7,2022-09-24,5189.85,0.2,6227.82,Relancée
352192b7-72cd-41e4-883f-450d68f03d06,50c42b4c-6d85-4a6e-9d89-69c434cdb044,2024-06-06,1146.05,0.2,1375.26,Payée
8624359c-30e8-49bb-bc8d-f4704b53efd5,80feccbf-8f35-4dec-8a53-2ce879f745e3,2024-11-16,15579.64,0.2,18695.57,Payée
eed14b5a-173f-4a0d-92d9-34f6667cc5fd,4a35432a-d5f4-4f25-aed1-c11a4d72b6d6,2023-06-26,7234.32,0.2,8681.18,Émise
32872c4c-151e-405a-9bf3-9eac8d7f0e31,f28715a5-6113-4310-944a-97fc62d6dcf8,2024-05-12,15193.27,0.2,18231.92,Émise
51823910-ca1f-4e99-8073-3ff7d51b7700,9bec7d9b-ca21-4ce2-8f26-deaaccd0d787,2022-12-28,8223.94,0.2,9868.73,Relancée
2af3ebee-82d2-405d-af62-6aefbeda2052,00fa7c13-1986-4c7e-923a-0fa0825ff147,2025-05-02,10504.98,0.2,12605.98,Relancée
1408d73a-520d-4ffd-ad94-7fc69c990c4e,d3343d66-4502-44a3-878e-4f896dd3fd90,2023-08-10,2369.43,0.2,2843.32,Relancée
0f33f201-44da-4250-8621-03ed41c70ec0,ec184383-99d6-4bf4-9ad4-fd7dd113b9d2,2023-10-27,9288.17,0.2,11145.8,Payée
c00a5102-a937-4f67-aaff-11b62bbe9198,89d0bf59-65aa-455e-93a9-d2c27c05e91d,2022-09-10,17380.09,0.2,20856.11,Relancée
53c88e9c-1b64-4c67-89a8-55fff29d827c,e5e5ae54-64f3-4a99-81d8-679c58d59672,2024-06-19,11894.59,0.2,14273.51,Relancée
cce7a157-ad45-42ec-a598-345d784ff81b,1d2ae70c-42d2-4253-9f9c-dba0833b12ef,2023-09-03,6500.79,0.2,7800.95,Payée
620d5683-bc3e-4028-9699-2e63f45f7c82,35e0b91a-7738-44b0-9dc6-314af0111e05,2024-01-14,19357.79,0.2,23229.35,Émise
3003aabf-9c4d-404e-9969-802b17d46bb9,5eb7e4b2-59f0-4004-94ce-6723c90bd53e,2022-12-04,16808.49,0.2,20170.19,Payée
869f5eab-160b-4fa3-b457-ea2ad8fc5adc,97ec3088-a469-4b66-91c0-3c1913d7a523,2024-06-03,9297.52,0.2,11157.02,Émise
d5a1348b-0716-4598-8eda-7402c65a88c6,50e44b65-b025-44f1-a147-21356e86f3de,2023-01-20,9277.85,0.2,11133.42,Payée
2568df5c-c642-4c06-b34a-bab0196d3e4c,db3ea9ad-a69a-443f-983c-6bf46028ad66,2023-07-25,2494.29,0.2,2993.15,Payée
5b335411-5390-4a08-bbc6-a2e7d43fd92f,ecf7a43c-bf97-4d68-9d6f-191ac4ae741d,2023-06-13,5209.87,0.2,6251.84,Émise
f5daf27d-54af-4520-984d-8073e351a53b,89d0bf59-65aa-455e-93a9-d2c27c05e91d,2025-01-20,10699.18,0.2,12839.02,Émise
c8f566c7-5e16-451b-acfe-0f980f740b3c,5fbb65d1-2cae-4bad-89a3-1e0cf2a645e3,2025-06-26,10689.09,0.2,12826.91,Payée
c3209a98-7b4c-44be-99c1-13805d4788c2,564ff187-0755-430b-9b56-2d65fcad98ae,2024-01-17,14820.2,0.2,17784.24,Relancée
2a2366b4-036c-4799-9e9c-d642f6095267,e20911e6-4c21-4262-952d-3657f232b68c,2025-02-24,5489.11,0.2,6586.93,Émise
8731a3c0-8ead-4e01-9a1a-abdcc7fe6bbc,a0f81947-137b-47bd-8cac-2d771a70a3e0,2025-03-30,4748.16,0.2,5697.79,Relancée
0839c2e0-83cf-42c3-8bed-f848c4ec8def,6a0c1ae8-a761-407b-868f-a78dc2f8f267,2024-05-17,15444.09,0.2,18532.91,Relancée
1a2c7d73-28c2-4d02-9fed-8e545c9dc06e,89d0bf59-65aa-455e-93a9-d2c27c05e91d,2023-04-05,4365.78,0.2,5238.94,Relancée
3657ccae-610f-4d37-91a6-60d8394e3a8c,a85698f6-489d-444f-b170-5483f65a5958,2025-03-05,9815.11,0.2,11778.13,Relancée
4c832d39-ed68-444b-8c7a-b99c5f9496b8,8a31273e-23eb-4904-b9df-c1fea644ed08,2023-02-23,9529.2,0.2,11435.04,Relancée
3e6bdaea-09ce-4acf-9e78-54c6e8e91712,2466c1bb-7f5c-4236-961f-ecec05719d7a,2023-06-07,17420.69,0.2,20904.83,Relancée
aa90cd3c-9b40-4892-a42d-3fa8d5bb8528,f24d314f-7164-4d41-ab19-5da9a7545fd8,2023-06-08,3868.19,0.2,4641.83,Émise
8ee28867-fea8-4d63-87a7-41f8dba7f2a4,435ed83c-bb7e-465c-b4aa-287d9d1e6957,2022-10-22,9401.95,0.2,11282.34,Payée
7a91a0ea-961f-4298-9e9e-f3c13a597e8d,11cb12b7-6500-4cf7-8cdf-0d93efb55921,2024-12-23,12236.98,0.2,14684.38,Payée
1d2fe0c4-f3ab-4bf7-8f77-72ab24afbdd5,ed2e758f-1b23-45bf-8701-decd93182ddb,2024-01-17,2409.62,0.2,2891.54,Payée
829babcb-75e4-4096-afb8-293b4db59482,a59ce143-58b4-4d0f-aab8-c6fc169f1105,2024-10-25,1714.54,0.2,2057.45,Payée
ae22dbf9-d089-4443-bcc3-005e86bde361,d9d812c0-f98a-4596-a7f1-19c1be01c80c,2023-10-01,2457.89,0.2,2949.47,Émise
e3446b18-0831-46e7-98be-e58a0b286516,ed2e758f-1b23-45bf-8701-decd93182ddb,2025-02-03,8305.17,0.2,9966.2,Relancée
bea927c0-e35c-4b1f-9940-c58841c41188,b8423ed1-64a8-4af3-942b-18e0c7ce3226,2024-11-04,19130.4,0.2,22956.48,Relancée
cac11ff3-59f8-41b8-90ee-e0cb1e7aaf02,ec184383-99d6-4bf4-9ad4-fd7dd113b9d2,2023-04-09,9544.94,0.2,11453.93,Relancée
1dad7ba0-1122-4c86-bde4-dd63f08ce0a4,8c64a9b1-2a6b-4d38-b2c4-27410cdcc6a5,2023-12-06,7109.01,0.2,8530.81,Payée
8ac1b41d-8d7e-47b3-8878-dd482586ee98,3812653d-ee0c-4bf0-9e9c-5754d44c991b,2025-07-19,3866.36,0.2,4639.63,Émise
e241e336-e6e0-4dba-a691-a0392a281d1c,a59ce143-58b4-4d0f-aab8-c6fc169f1105,2023-10-19,2966.54,0.2,3559.85,Payée
09dea943-0608-46fa-bf4f-739d32c8d959,84735a55-224d-4cbf-b7e6-047615e4ccae,2023-10-14,10586.43,0.2,12703.72,Émise
4ca843b0-7a2d-4ab5-8595-00b51823386f,ec184383-99d6-4bf4-9ad4-fd7dd113b9d2,2024-12-27,5707.13,0.2,6848.56,Payée
f7fdb049-4ebc-4ae3-be46-51f200f88513,912ca562-b49e-4fc1-af18-545ace7d1fcc,2023-09-10,10957.3,0.2,13148.76,Relancée
a03a16f9-8d1d-4901-87df-2c9d8152a2a0,5232e692-68f1-437c-bb6e-f8e1b4fb09a1,2024-09-28,7914.06,0.2,9496.87,Payée
35f02879-92f4-4149-b468-1adc2b39fce2,a2f8336d-9fa5-4feb-a147-9bea04d1b010,2025-06-11,8766.62,0.2,10519.94,Payée
9048e883-4f31-42e3-be79-7baa14992b0e,573285a1-761a-4c72-9cbf-fbd79cc6da88,2022-12-16,15995.31,0.2,19194.37,Relancée
6b749e24-378b-4207-8d1a-e79c36ed3bfe,8d0dbdd2-2104-4733-8d39-000e977627c3,2023-02-17,2252.33,0.2,2702.8,Émise
9c67b8f5-1ea0-4396-84f2-582b02496fe1,073dc60b-9896-4b2d-8c6d-a84f3edaa756,2024-04-21,13889.21,0.2,16667.05,Payée
c2cd5a74-16b1-482b-873b-2e2285096af3,7a68a2db-206c-463a-874c-ce554fc5103b,2022-10-22,14750.94,0.2,17701.13,Relancée
7d901a73-1923-462b-bed2-e0f82ad55bba,7025280f-b901-4743-942f-5188308aa0f6,2023-09-25,7333.88,0.2,8800.66,Relancée
96d206cc-ce7c-4c74-a0d4-c258dca44c45,33c2409d-4c78-4c01-829d-ec90310d94b2,2025-05-05,18418.18,0.2,22101.82,Payée
e3008c72-0dd1-40fe-b215-963ce60c4a05,383e47f4-9dc5-4c97-8959-a35de338f901,2023-02-04,3450.08,0.2,4140.1,Relancée
a3639889-8ab1-46f9-b53f-18fcd24f8e5e,84735a55-224d-4cbf-b7e6-047615e4ccae,2025-07-15,6882.06,0.2,8258.47,Payée
7b41af85-24b8-41b0-9cc9-daca834ad324,de856a6f-54a3-4733-9048-d8edc3c8939a,2023-02-13,16450.51,0.2,19740.61,Relancée
9b250bc7-09fe-442c-8075-75d7aef2e5cb,db3ea9ad-a69a-443f-983c-6bf46028ad66,2023-08-13,2775.61,0.2,3330.73,Relancée
d17026ff-7957-497d-96dc-9e068480429d,c8986a69-d97e-4f85-a9a3-f1d85d927eb2,2023-03-06,10661.28,0.2,12793.54,Émise
9b7f1190-eacd-4e77-b24d-ae3692d30b17,c102b141-a882-4db1-8f7b-061fa3909fe6,2023-12-04,6868.46,0.2,8242.15,Émise
ff5fd574-222b-4b7c-8116-1fd1692a9782,6647595d-50c1-4043-a220-0f5f2c6d7525,2023-08-10,19005.7,0.2,22806.84,Payée
1dec1dbb-a377-4087-931d-2c09137bd3cd,ceeba2d5-ebc1-4e46-b739-10829fa683d2,2025-06-06,5304.32,0.2,6365.18,Émise
987cbb92-8eed-4cce-8ac8-036129116335,6a0c1ae8-a761-407b-868f-a78dc2f8f267,2024-03-23,2466.14,0.2,2959.37,Émise
bafe4f69-ceac-45fe-a2f0-1487deecdb35,ed2e758f-1b23-45bf-8701-decd93182ddb,2024-08-20,15646.62,0.2,18775.94,Relancée
748c6fe2-6c0b-4a10-a020-039122b666aa,db3ea9ad-a69a-443f-983c-6bf46028ad66,2023-02-27,1717.2,0.2,2060.64,Payée
cdaedee1-45e0-401c-a3ec-13a590bd671f,9bec7d9b-ca21-4ce2-8f26-deaaccd0d787,2025-01-03,12347.68,0.2,14817.22,Émise
2fc43936-0ca7-4ff4-9766-8e37d3eeb374,6acbe356-09d4-4e5d-9784-e227ffdf336a,2025-03-30,4436.07,0.2,5323.28,Relancée
b394a4c1-530a-4532-8019-2ba7d328b171,87d0ddf5-77c4-4f8c-84c0-1fc9ea226e41,2023-09-12,14702.48,0.2,17642.98,Émise
4fe17752-a901-4f2d-9cf9-5c2d1a029e28,c4a1c050-32ab-4517-a48a-940bc6dc7edf,2025-03-23,7921.69,0.2,9506.03,Relancée
bae519c0-6fe7-4a38-bdb2-d20b41e119b0,2894aa01-a22f-4204-afd5-5ab69df9ca1a,2024-04-25,19422.18,0.2,23306.62,Relancée
8d8db6e4-1f5e-490c-8b38-21f7d044ccad,509d0159-970b-4e76-a0d8-5e785e9b30bd,2024-02-24,15295.43,0.2,18354.52,Payée
241fe779-f209-4bf0-a99c-ecb511aa2cff,e8bf4353-788a-4115-852c-00140a9d4527,2024-06-23,11146.21,0.2,13375.45,Payée
907557f3-bf08-4e1d-b371-450702983175,435ed83c-bb7e-465c-b4aa-287d9d1e6957,2022-11-16,18175.51,0.2,21810.61,Émise
f99d9240-e386-41cd-afbe-8f33a2480c87,df65f114-c111-4815-a52e-37c3cf451607,2025-04-01,13887.83,0.2,16665.4,Relancée
d7848584-c38f-4730-a3ed-8f55ac794b3c,912ca562-b49e-4fc1-af18-545ace7d1fcc,2022-12-13,9771.92,0.2,11726.3,Payée
0f2a2ded-dad4-4567-a730-ca429b7bf13f,5ef07712-af0d-4cb3-b1e8-dea4a4580a29,2024-04-07,10555.23,0.2,12666.28,Payée
d5dc0483-e600-4ac5-b486-24f4d6694729,6acbe356-09d4-4e5d-9784-e227ffdf336a,2024-09-29,16520.93,0.2,19825.12,Relancée
2f39517f-4c9e-4204-bd51-3a60b801039a,93ad3a40-c852-43b8-af5e-7f8d608aba02,2023-09-27,17587.04,0.2,21104.45,Émise
a1739ddb-4e9b-46b7-8ac4-d2d315748fcb,edb86c4c-8504-4e7f-a82b-3185341de3b9,2025-07-05,17608.22,0.2,21129.86,Relancée
391799ef-beba-4a90-a78c-9bfb43481090,ef2ffd82-d457-4b10-bfff-8555102f052e,2024-02-15,14516.62,0.2,17419.94,Relancée
8b4f0c48-5a8e-4145-8a37-bd3e5b8e73c4,e803fded-e227-45c0-86a9-41496eeceae3,2024-06-27,6416.2,0.2,7699.44,Émise
1e201337-4e98-4919-a86c-6ccd622739d6,3cf05f82-1e8a-4f73-a5ce-baf9dd9191b0,2024-08-18,9537.07,0.2,11444.48,Relancée
91cc21b0-0d17-4459-915a-aa3537b762e8,e20911e6-4c21-4262-952d-3657f232b68c,2023-12-12,16789.89,0.2,20147.87,Émise
d67eab16-1ec9-49d2-83e0-deff328e6dde,2d1cc68c-c65a-4064-8718-47f4f9607871,2025-01-11,16517.36,0.2,19820.83,Payée
abb78fb1-50cf-4bcb-be0f-03751bac69f9,38e3550b-3272-4de0-ab86-e4d02923f1ad,2022-07-25,8883.04,0.2,10659.65,Payée
57d2f4db-83c9-488e-ac4c-4aca0e80f94e,3812653d-ee0c-4bf0-9e9c-5754d44c991b,2022-12-13,8105.27,0.2,9726.32,Payée
60a0d650-6cda-4b14-b1c2-931db17835ea,c2b04ca8-21a2-4b09-846e-846f4ea91d9a,2024-07-03,8123.34,0.2,9748.01,Émise
70effcae-6ce7-4e6a-b161-755ca9e9e03d,9eb7c745-68f4-40bc-b8ad-2e733e75d5c6,2025-04-03,18685.69,0.2,22422.83,Relancée
facb0fe9-3f6b-42c0-8e1e-e6e9cfcd46e4,8d0dbdd2-2104-4733-8d39-000e977627c3,2025-05-18,16036.23,0.2,19243.48,Émise
94852393-b52c-4a5b-9f0e-3ec83bde870c,72087a01-8cdc-4d3f-ace4-6b290abed523,2025-07-09,6450.71,0.2,7740.85,Payée
09ab6303-ea1c-4582-acd6-a61cd2f66d40,93ad3a40-c852-43b8-af5e-7f8d608aba02,2024-01-29,15417.98,0.2,18501.58,Payée
9f0c9757-5ab3-4958-941d-07c562b67465,1a1f3ea6-0bf9-4d2a-befa-49d35c6d1d67,2022-10-28,12691.62,0.2,15229.94,Émise
32b80793-11cc-4c9a-aa04-08c8fecb74b5,32da7216-fddc-4c53-bb9f-79e5d7c19e0d,2024-10-29,5862.55,0.2,7035.06,Émise
fdc6352f-ec3b-461b-b30f-63c024b750c7,8cf0b6c8-f1da-4f40-a76c-dc08ce92da3b,2024-03-30,18864.29,0.2,22637.15,Relancée
13068b2d-847d-4a2e-8db5-37bd3d68fd4f,5fbb65d1-2cae-4bad-89a3-1e0cf2a645e3,2023-06-25,9041.84,0.2,10850.21,Payée
0de3472b-7278-4640-a586-09ad3055dbe7,2894aa01-a22f-4204-afd5-5ab69df9ca1a,2024-05-19,6721.87,0.2,8066.24,Émise
7db594ee-e21e-4aee-a6f6-98a8a60d9922,7b45d1aa-eabb-411d-a194-e0ecfbe6e782,2023-06-16,8976.69,0.2,10772.03,Relancée
dbda0e17-76f5-4749-9804-da40be7d17c3,5eb7e4b2-59f0-4004-94ce-6723c90bd53e,2024-08-28,2193.34,0.2,2632.01,Payée
de117a31-6158-463f-acc7-d0bc317bc959,d78eaf42-d043-4eb4-9ed3-a7792c8d6808,2023-09-12,1312.27,0.2,1574.72,Relancée
653d5f7a-c98c-45ea-ac8b-d7e837f5e8ef,1b08e87f-ec7c-48b6-88e9-bfa9c62e2a81,2023-12-05,5596.82,0.2,6716.18,Émise
4db6d5d3-53bb-4c03-a45d-3ec28ea97512,4a35432a-d5f4-4f25-aed1-c11a4d72b6d6,2023-10-05,9155.54,0.2,10986.65,Relancée
b0a43288-a881-4463-b346-f2b3d66193a1,d3343d66-4502-44a3-878e-4f896dd3fd90,2023-12-28,5570.72,0.2,6684.86,Payée
dc81a236-d386-4502-ac17-3fe10e7ed87c,676d8d9b-7605-46f5-bbff-22f0b7c81b28,2024-11-18,13623.05,0.2,16347.66,Émise
e65cf585-ada8-4d4d-ad1d-000a78aa7b02,db3ea9ad-a69a-443f-983c-6bf46028ad66,2025-01-04,19518.44,0.2,23422.13,Émise
5b58d1b7-1956-4ed9-9c7b-73fb92c3859b,db3ea9ad-a69a-443f-983c-6bf46028ad66,2023-02-09,11337.56,0.2,13605.07,Relancée
f1a5026e-3333-4bbf-9b92-2c2c954f9e97,b8423ed1-64a8-4af3-942b-18e0c7ce3226,2024-12-17,1386.35,0.2,1663.62,Payée
e5f61347-dcc2-47ad-bff1-42ad2193a7f4,5d10b768-3b3d-47f2-8d04-d2094e3781b7,2024-08-13,13077.75,0.2,15693.3,Payée
b9b210ff-a373-4969-9a5f-a631042e6a90,7a68a2db-206c-463a-874c-ce554fc5103b,2024-01-06,15199.02,0.2,18238.82,Payée
ccb07c05-815b-40e2-9c7b-187a21d94601,843a9872-f627-46be-93a6-67a7a4742534,2025-06-16,7551.25,0.2,9061.5,Relancée
07d22d01-a81e-4a28-a072-878f3ce7e660,ef2ffd82-d457-4b10-bfff-8555102f052e,2022-10-05,15658.53,0.2,18790.24,Relancée
1f51abc2-082d-41c3-b3fc-9f651c834181,8d0dbdd2-2104-4733-8d39-000e977627c3,2022-10-01,3534.78,0.2,4241.74,Payée
ae4b8c4b-7ab5-4bd7-8cd8-d40f6ff2ff6d,4290fff6-a80e-431c-a88b-db8efa0ce72f,2022-12-23,7432.4,0.2,8918.88,Relancée
599b7f6f-96bb-46b7-9a75-1c255e57f505,b3a3932e-0a68-41ff-898f-05d25f59b9a8,2025-03-20,16777.29,0.2,20132.75,Relancée
14f350bb-2dfb-4f78-856d-cbea46c9ddd4,07b23f67-bf45-4c3e-a977-64df7e55f252,2024-07-04,19635.56,0.2,23562.67,Payée
5e836c12-4453-4223-bd82-cc7f1076acda,d50de8ff-16e9-4d43-9f15-b0b4160b3b75,2022-08-16,16418.46,0.2,19702.15,Émise
bf2b9a67-af6e-4ca8-ae3d-4fd20fb66ab6,5eb7e4b2-59f0-4004-94ce-6723c90bd53e,2023-01-30,1702.69,0.2,2043.23,Émise
720cee73-6b22-4c11-a9a7-05990b05547a,5d10b768-3b3d-47f2-8d04-d2094e3781b7,2023-03-24,16031.08,0.2,19237.3,Émise
8c3dde41-5620-4e18-b0e3-b80286a0c79c,f24d314f-7164-4d41-ab19-5da9a7545fd8,2024-06-06,18734.05,0.2,22480.86,Relancée
daf0e324-0bd8-4f40-bb9a-6010a599d29c,a7ff57e5-b6d5-45e4-94c5-9665832397ae,2024-06-30,19793.33,0.2,23752.0,Relancée
cca01620-f9f6-460e-9dbf-373a7f0782cc,a0628de8-7218-44d1-818e-0d574f9fed8f,2022-07-23,5812.96,0.2,6975.55,Relancée
b18e2d3d-4fc4-4450-81a6-014f7a5cb413,8c64a9b1-2a6b-4d38-b2c4-27410cdcc6a5,2024-05-16,6436.11,0.2,7723.33,Émise
36a2d1a2-6767-459f-b2a0-542931def9d3,de856a6f-54a3-4733-9048-d8edc3c8939a,2023-06-01,6191.12,0.2,7429.34,Payée
14f95daf-f58a-4aa5-bd06-1524fae22415,478ddbef-c815-4bf6-b821-65f2bb0b6c0a,2025-06-25,17900.24,0.2,21480.29,Relancée
546dd381-5744-490d-aa12-f86090cd8871,912ca562-b49e-4fc1-af18-545ace7d1fcc,2023-02-11,17998.11,0.2,21597.73,Payée
ceb36f5f-8285-480b-91d0-eda474274774,ecf7a43c-bf97-4d68-9d6f-191ac4ae741d,2025-04-26,19500.75,0.2,23400.9,Payée
0a971ebf-992c-4ad1-be70-cae1c96d76ca,f28715a5-6113-4310-944a-97fc62d6dcf8,2023-11-02,7979.59,0.2,9575.51,Relancée
161ede77-5ca9-4be8-8229-f7497508a136,dd66d9ff-2cb9-4001-b6ba-d50c6db32d2e,2023-03-25,16221.81,0.2,19466.17,Relancée
d6411c39-5d9d-438d-bd5d-b98325360858,c8986a69-d97e-4f85-a9a3-f1d85d927eb2,2023-09-20,2499.61,0.2,2999.53,Relancée
6683260f-e6b4-4de7-b8fc-69bb90f52798,d50de8ff-16e9-4d43-9f15-b0b4160b3b75,2022-12-13,11364.01,0.2,13636.81,Payée
05e0084d-6cff-4133-a608-cabcef0c6a73,ef2ffd82-d457-4b10-bfff-8555102f052e,2025-05-03,2521.31,0.2,3025.57,Relancée
06089aca-48d8-4134-88a7-ed70ab853a74,9f1536ed-7682-4baf-b712-a636e5d0bef7,2024-02-01,6823.42,0.2,8188.1,Relancée
f59e6f38-da8e-45ba-99da-a3573725720e,e5e5ae54-64f3-4a99-81d8-679c58d59672,2023-08-14,4166.25,0.2,4999.5,Payée
d92fd8af-6bc8-4292-b672-b295aba55c80,564ff187-0755-430b-9b56-2d65fcad98ae,2022-11-27,9495.46,0.2,11394.55,Relancée
e3a83f07-850d-486b-aada-a3bdf597bf55,d3343d66-4502-44a3-878e-4f896dd3fd90,2024-02-19,12682.18,0.2,15218.62,Payée
394eb757-8258-491c-8ca2-ce33fa47e501,11cb12b7-6500-4cf7-8cdf-0d93efb55921,2025-05-19,13149.92,0.2,15779.9,Émise
05badd9d-aa3e-4728-baf9-41b93a9e27bd,89d0bf59-65aa-455e-93a9-d2c27c05e91d,2025-04-25,13752.49,0.2,16502.99,Payée
79c05d53-0061-4da4-8d50-fe99ed38b39b,d2b7d700-e402-4d2b-a73e-77c67e524ee8,2023-04-05,10748.63,0.2,12898.36,Relancée
9c309db9-aeed-43e0-a88e-005878dd61a5,5232e692-68f1-437c-bb6e-f8e1b4fb09a1,2022-10-10,19103.0,0.2,22923.6,Émise
b39f75cb-e0d7-4487-a546-2799263489c3,912ca562-b49e-4fc1-af18-545ace7d1fcc,2024-03-28,1661.18,0.2,1993.42,Émise
b07c5504-eb11-4ada-9b2f-e811ce2e781e,2894aa01-a22f-4204-afd5-5ab69df9ca1a,2025-03-19,15791.79,0.2,18950.15,Payée
59dd2574-b538-4198-a877-e6d0c917591e,c102b141-a882-4db1-8f7b-061fa3909fe6,2023-11-08,8274.23,0.2,9929.08,Relancée
64069d4c-f16e-4742-a2a0-65659474bac4,b2bd2fa7-4177-4eef-801d-e4636cbfd6cb,2025-07-12,12496.8,0.2,14996.16,Relancée
d7166e9e-71b9-41f9-8f62-2d46f51bd18f,a59ce143-58b4-4d0f-aab8-c6fc169f1105,2023-07-20,19027.65,0.2,22833.18,Payée
2e8b2037-7ce4-4ce1-83e5-5b82f4b79b46,c96ec555-0999-48ab-bfbb-b7d191d53cab,2024-05-18,15498.6,0.2,18598.32,Relancée
eaf63e09-9e1c-45e7-8144-be635700b003,93ad3a40-c852-43b8-af5e-7f8d608aba02,2025-05-05,11059.74,0.2,13271.69,Payée
930fc27e-4b80-4350-aa6f-b18bf4e37d0a,f24d314f-7164-4d41-ab19-5da9a7545fd8,2022-12-10,13341.65,0.2,16009.98,Émise
bd1be617-f023-45ef-9627-e4a8c9021d1b,852e0a6d-857f-468b-bcec-6f38a233264a,2025-07-19,1492.35,0.2,1790.82,Émise
c08a39c5-0289-4647-9e7f-dac07f0c7283,f28715a5-6113-4310-944a-97fc62d6dcf8,2022-12-16,10837.16,0.2,13004.59,Relancée
3e76585a-e55c-48ab-aa29-aa5532e3a8fd,d3be7f8e-fabe-4a9e-8b72-8663263a0655,2022-07-23,5973.76,0.2,7168.51,Payée
e0771ff8-6361-4eca-891c-2041a03c884d,1a1f3ea6-0bf9-4d2a-befa-49d35c6d1d67,2023-06-18,5076.84,0.2,6092.21,Relancée
863d65dd-afd8-4e6b-b986-a656c2de535c,d9d812c0-f98a-4596-a7f1-19c1be01c80c,2024-07-31,14185.63,0.2,17022.76,Payée
aad1207c-6ada-4bb6-869b-589c29d87747,f7f7d702-9eb1-4c55-aa8d-219d697febb5,2022-11-20,3330.11,0.2,3996.13,Émise
332c4280-9939-46aa-b9ae-494dad897be4,a59ce143-58b4-4d0f-aab8-c6fc169f1105,2023-02-13,4280.47,0.2,5136.56,Relancée
10d59af3-b2ff-486f-be2b-0a95f627c234,c96ec555-0999-48ab-bfbb-b7d191d53cab,2025-01-29,19947.99,0.2,23937.59,Relancée
188c1935-5169-4f50-b325-2c8fc199100c,9eb7c745-68f4-40bc-b8ad-2e733e75d5c6,2023-07-08,13688.96,0.2,16426.75,Relancée
a8d46694-4b2a-412e-a240-9ae66370a63d,aabd37b3-d214-4f66-bf6d-a323435a95e0,2024-10-05,11449.95,0.2,13739.94,Payée
58ed5d4e-4579-4e37-b9e3-333969267aac,11400748-cd6e-4a60-a8dc-b8ccfaf13cb7,2025-06-12,17175.88,0.2,20611.06,Relancée
4921e123-5f03-4d86-a1ad-b34279dcfe62,b3a3932e-0a68-41ff-898f-05d25f59b9a8,2024-06-12,16080.23,0.2,19296.28,Relancée
982571e1-7cec-4b69-ab70-414dd034df61,99f0fbb9-d8d9-4ef2-b8be-ddab91aa33d8,2022-08-05,3305.89,0.2,3967.07,Émise
47f32458-197c-4ba7-8d6b-a2ba62ba9667,93ad3a40-c852-43b8-af5e-7f8d608aba02,2022-08-03,5497.99,0.2,6597.59,Payée
eb301b46-8e2f-47b4-bb98-cee0d8e14539,38e3550b-3272-4de0-ab86-e4d02923f1ad,2025-07-06,7857.03,0.2,9428.44,Relancée
44101963-7bdd-42df-ba76-2e283aa2148e,df65f114-c111-4815-a52e-37c3cf451607,2024-01-06,9880.71,0.2,11856.85,Relancée
29485b45-a12f-4416-b586-3dba68f893ca,9bec7d9b-ca21-4ce2-8f26-deaaccd0d787,2023-01-25,12627.02,0.2,15152.42,Émise
0c9fbbd6-5a4f-46ee-b7e1-dba6f4f54873,aabd37b3-d214-4f66-bf6d-a323435a95e0,2024-05-08,6876.52,0.2,8251.82,Relancée
d46c9fbf-f087-42b1-bf90-f8bfc3502614,a76e2480-dc6b-4d7a-89cf-cbc9848c15d2,2025-07-04,10988.22,0.2,13185.86,Payée
8d21eb17-8b80-4403-b2e3-52e09e816186,1b08e87f-ec7c-48b6-88e9-bfa9c62e2a81,2023-02-12,2401.26,0.2,2881.51,Payée
a83f7f62-c15a-431d-97f7-df9d646cde32,3ebb9085-e5b4-45fe-9371-6ea9ec7f365c,2024-08-02,9549.52,0.2,11459.42,Relancée
c40c719c-f1f9-49a3-a7bc-99f5cadc83c8,639ebbc8-fc7d-40d7-bf1a-650ea8027bb7,2022-11-09,7545.78,0.2,9054.94,Relancée
5c358d8a-87e1-4b3a-b242-75bf99622a44,d50de8ff-16e9-4d43-9f15-b0b4160b3b75,2023-07-12,15587.85,0.2,18705.42,Émise
f37428b7-52da-4759-a1fc-89b1cb170d24,10e7ec70-18c8-460f-9e8f-7d62a0687233,2024-03-08,10554.41,0.2,12665.29,Émise
c17d4da5-adcf-419b-a629-305aa4e443bf,e803fded-e227-45c0-86a9-41496eeceae3,2022-12-07,10843.94,0.2,13012.73,Payée
700d36f8-82ba-47ca-9a7d-284e320dcf61,87d0ddf5-77c4-4f8c-84c0-1fc9ea226e41,2022-12-28,4077.37,0.2,4892.84,Relancée
1ced8e55-6a84-45af-ab36-66258d9c2110,99f0fbb9-d8d9-4ef2-b8be-ddab91aa33d8,2022-12-29,7574.44,0.2,9089.33,Relancée
df1210d8-176a-4af3-bf43-58150824adaf,509d0159-970b-4e76-a0d8-5e785e9b30bd,2023-11-20,17072.74,0.2,20487.29,Payée
25789801-d112-4119-b218-394603ee1db2,504deb90-f00c-48a8-8bfe-67703473c009,2024-02-12,13066.08,0.2,15679.3,Relancée
8e5f62b7-0a97-42a2-9187-c162ba6e6279,11cb12b7-6500-4cf7-8cdf-0d93efb55921,2023-10-29,3378.24,0.2,4053.89,Payée
579b1d89-5451-4ff4-8ac9-e9052675a0de,6e6176c0-f267-4ad2-b06f-cf818f9ceea1,2023-02-20,2775.14,0.2,3330.17,Relancée
ea50ecb2-cc87-4992-8488-9a42f06afbc2,eeadf14d-bf3d-4680-898b-d80c52012aeb,2024-03-07,12244.36,0.2,14693.23,Relancée
dc40f81a-f2df-4000-83ff-e9449d989b64,6a0c1ae8-a761-407b-868f-a78dc2f8f267,2023-02-13,4252.81,0.2,5103.37,Relancée
123de2df-c543-4616-8ab6-4b49f443b687,ecf7a43c-bf97-4d68-9d6f-191ac4ae741d,2025-04-13,17008.07,0.2,20409.68,Relancée
63952074-ad43-4047-960d-276c88ae87a1,ec184383-99d6-4bf4-9ad4-fd7dd113b9d2,2025-06-07,16679.49,0.2,20015.39,Émise
f89af560-7a22-4039-82e1-833c5c08a210,c2b04ca8-21a2-4b09-846e-846f4ea91d9a,2023-02-28,1863.77,0.2,2236.52,Relancée
25177a22-c849-42ef-8785-618fcc05f09e,1b08e87f-ec7c-48b6-88e9-bfa9c62e2a81,2022-11-05,6028.46,0.2,7234.15,Émise
45efe655-7a5d-4828-bbf1-1c53a24e86cc,87db4dd7-2b2a-4fa6-9861-45c572cbf7fa,2024-10-23,8915.15,0.2,10698.18,Relancée
c385e7f7-ebe1-4be2-8c4a-f0915434da9b,b5c03709-2a38-4f91-a166-e6648c8a42cd,2024-12-13,10462.72,0.2,12555.26,Relancée
bcb4990e-b8c3-4706-8888-42dd31f344b1,4290fff6-a80e-431c-a88b-db8efa0ce72f,2022-08-04,6503.76,0.2,7804.51,Payée
078deef9-904c-4756-9fb9-8ca0ddbc8520,edb86c4c-8504-4e7f-a82b-3185341de3b9,2025-02-24,5652.68,0.2,6783.22,Relancée
6f275fff-34dd-42a8-ac39-89a8011d9fd9,f50bd7ff-92c5-475c-beb3-43a17eeeb377,2025-04-26,6651.24,0.2,7981.49,Émise
94056e51-2e5c-49f0-810b-d91713cb8f14,f7bf44a5-d389-47da-97b5-2092817aed72,2023-04-02,4003.53,0.2,4804.24,Payée
1b8fecbe-84ea-43c1-9b34-e3f7284f7edc,edb86c4c-8504-4e7f-a82b-3185341de3b9,2024-06-04,9824.4,0.2,11789.28,Payée
783aa2bf-7f24-4c9f-9043-24280e9c2ed9,33c2409d-4c78-4c01-829d-ec90310d94b2,2024-01-18,6939.07,0.2,8326.88,Relancée
55e921de-d421-40ba-8091-c9dc1820dc6f,9eb7c745-68f4-40bc-b8ad-2e733e75d5c6,2023-06-17,14949.8,0.2,17939.76,Payée
6b065850-1075-40f7-a75e-1ec895ab8334,f4ae22ce-607d-429e-af02-92cb70ad5efb,2025-03-23,3484.56,0.2,4181.47,Payée
1cf91a03-8015-4505-8f34-d4f01d4ee8b3,3baa46cb-83ff-46bb-9904-040db6558921,2023-03-14,11671.37,0.2,14005.64,Payée
b78cc7a3-2cb3-4b51-8396-4f0e7f1558a4,7b45d1aa-eabb-411d-a194-e0ecfbe6e782,2024-04-21,9862.98,0.2,11835.58,Payée
eac69d6b-8629-40a2-a7a7-bd49b396ab81,a59ce143-58b4-4d0f-aab8-c6fc169f1105,2025-03-05,5710.46,0.2,6852.55,Émise
38f4bec9-baea-44ed-bb56-6f26246867b2,9b234da1-15af-44d8-bd79-fbaf80a78dfb,2025-06-22,6514.03,0.2,7816.84,Payée
500c7afa-6b64-4092-a486-09ffd334f1a4,31d661c5-111b-4470-9c75-cfa71ba166df,2024-06-08,5717.14,0.2,6860.57,Émise
bfe205d3-28f3-4802-939e-3d3c55240e16,63d65e67-1fa9-458c-80ac-b86c279683ed,2023-06-24,18741.28,0.2,22489.54,Relancée
7ecb4bc4-61fe-4d11-8633-7358e4e85de5,f24d314f-7164-4d41-ab19-5da9a7545fd8,2022-12-03,4606.85,0.2,5528.22,Émise
3d7094d5-91b0-41a6-a579-23573e38b169,f28715a5-6113-4310-944a-97fc62d6dcf8,2022-12-25,19923.42,0.2,23908.1,Payée
f34dca18-966c-4f90-8f66-2887cd6fbd13,f28715a5-6113-4310-944a-97fc62d6dcf8,2023-02-24,17702.44,0.2,21242.93,Payée
f7dda9ea-251d-4d97-babd-759bb8c0a401,35e0b91a-7738-44b0-9dc6-314af0111e05,2023-01-29,2710.93,0.2,3253.12,Payée
8709a0c2-90de-4dbf-976a-4042b689733c,ed2e758f-1b23-45bf-8701-decd93182ddb,2025-01-22,9687.38,0.2,11624.86,Émise
9bf52795-a9f2-4357-b3cf-c515a594a681,2e469faf-03f8-44f4-b0c9-b787d01e2e0e,2024-03-09,12083.54,0.2,14500.25,Émise
21dd055c-6849-4ab0-842f-d98fb3a7991a,9b234da1-15af-44d8-bd79-fbaf80a78dfb,2024-01-19,6345.77,0.2,7614.92,Relancée
fd629179-3fb0-4276-b25d-fa8827292034,435ed83c-bb7e-465c-b4aa-287d9d1e6957,2024-05-19,6429.22,0.2,7715.06,Émise
128eb4eb-e154-4a93-9b48-a0af5eb69166,6949b152-88ab-4e80-a025-1562745e70ee,2023-11-22,9187.63,0.2,11025.16,Payée
001e54d0-29e4-45f7-afff-590147e161c1,d2b7d700-e402-4d2b-a73e-77c67e524ee8,2023-02-24,15513.28,0.2,18615.94,Payée
f88b06f7-da81-4342-afcd-2c54c171bb6a,5d10b768-3b3d-47f2-8d04-d2094e3781b7,2023-08-10,8611.05,0.2,10333.26,Relancée
132b34a5-6cc0-43b2-bdd9-180199be2ff9,e6c15b83-4920-4ed7-b094-4fe8eeb78588,2023-09-25,4698.45,0.2,5638.14,Relancée
bb9a576e-cc98-4279-aa89-dfb3fcb3edaa,d9d812c0-f98a-4596-a7f1-19c1be01c80c,2025-04-18,2397.1,0.2,2876.52,Relancée
3342f3ff-6df8-4dea-87eb-40a3edc7f1a9,a59ce143-58b4-4d0f-aab8-c6fc169f1105,2022-11-29,15523.68,0.2,18628.42,Payée
d1505a09-d2ff-4058-b945-ea1c9368e72c,d3be7f8e-fabe-4a9e-8b72-8663263a0655,2023-08-11,3444.6,0.2,4133.52,Émise
318e054d-41bb-4d87-8f64-9ab7f98169db,383e47f4-9dc5-4c97-8959-a35de338f901,2024-11-27,8090.77,0.2,9708.92,Payée
f1439af8-c56a-4eaf-8f7a-c4b547e24663,073dc60b-9896-4b2d-8c6d-a84f3edaa756,2025-02-09,18840.02,0.2,22608.02,Émise
17e68351-4309-4e70-8ae8-c16e637df015,504deb90-f00c-48a8-8bfe-67703473c009,2025-02-08,12446.8,0.2,14936.16,Payée
b7294ce6-2762-4b8f-a88e-b9ed7092cd08,3812653d-ee0c-4bf0-9e9c-5754d44c991b,2025-02-19,1764.84,0.2,2117.81,Émise
63618bda-cb5a-41c4-8967-8ceef0ca6391,93ad3a40-c852-43b8-af5e-7f8d608aba02,2023-10-07,14558.25,0.2,17469.9,Payée
44c8068e-c018-4db2-b4b8-d594f5119f77,639ebbc8-fc7d-40d7-bf1a-650ea8027bb7,2025-06-28,9682.78,0.2,11619.34,Relancée
d35ffdd0-f900-4767-9515-44d7dfca756b,3baa46cb-83ff-46bb-9904-040db6558921,2022-09-01,3655.84,0.2,4387.01,Relancée
dd64bce5-7e35-4bf6-9d69-dec6e17f8464,9eb7c745-68f4-40bc-b8ad-2e733e75d5c6,2025-05-09,4087.54,0.2,4905.05,Relancée
dc463f93-1f09-454c-8e88-12c184fc240f,11400748-cd6e-4a60-a8dc-b8ccfaf13cb7,2023-11-02,12280.77,0.2,14736.92,Relancée
bcfaf2b3-4c27-4d92-a0a5-527909c08f62,84a94905-8226-4fec-965c-f570e03e334e,2023-06-06,11114.46,0.2,13337.35,Relancée
f1b867bb-7a02-4209-b03a-33a3cacf6c04,12b5475b-3c3c-4686-bd19-efa37166d9be,2024-10-03,6696.02,0.2,8035.22,Émise
fdc64713-01ce-4020-8b21-eee964f26dd5,df65f114-c111-4815-a52e-37c3cf451607,2025-02-18,7293.55,0.2,8752.26,Émise
49030436-b2a6-4a8d-a967-84f7de718028,1d2ae70c-42d2-4253-9f9c-dba0833b12ef,2024-09-20,12090.34,0.2,14508.41,Relancée
f5fbd5ab-08e4-4e9d-8924-14f3c3bb3ee2,38e3550b-3272-4de0-ab86-e4d02923f1ad,2023-05-11,12341.28,0.2,14809.54,Payée
b8e3e5b4-509f-4675-819a-428e761cb866,8a31273e-23eb-4904-b9df-c1fea644ed08,2024-03-21,11975.05,0.2,14370.06,Relancée
5c3d0151-85b2-410d-a547-3e9452e074b1,573285a1-761a-4c72-9cbf-fbd79cc6da88,2023-10-24,12086.94,0.2,14504.33,Émise
8aeb3a1f-b290-4785-bdcb-e085b9ef0302,db3ea9ad-a69a-443f-983c-6bf46028ad66,2025-04-20,12951.48,0.2,15541.78,Relancée
a227667b-92da-45f8-b256-2d392114cef6,5ef07712-af0d-4cb3-b1e8-dea4a4580a29,2022-10-14,3807.74,0.2,4569.29,Relancée
e8008e10-3b92-4b9c-b552-87dad7286f2c,50e44b65-b025-44f1-a147-21356e86f3de,2023-07-28,1599.84,0.2,1919.81,Relancée
7e10057d-4295-44b0-afa1-a13cbe0905bd,a4755241-8721-481d-b236-540d67589044,2024-08-28,4624.9,0.2,5549.88,Payée
afad3abe-b76c-42c5-8179-3ccd0ff072fb,f24d314f-7164-4d41-ab19-5da9a7545fd8,2024-03-12,8956.83,0.2,10748.2,Payée
56761c96-8795-4163-be92-b96733451f65,2f9ffe63-1122-4a41-b385-0fc011fd3e91,2023-01-13,8797.17,0.2,10556.6,Relancée
53356f98-97ad-449e-b43b-93e17d9ccef9,435ed83c-bb7e-465c-b4aa-287d9d1e6957,2023-07-31,17583.54,0.2,21100.25,Relancée
b8ea56b6-c90a-43ce-9896-0dc8b2695c42,f7bf44a5-d389-47da-97b5-2092817aed72,2024-09-05,14409.73,0.2,17291.68,Relancée
e89ea731-8954-4505-92e8-6ead73657ed0,d51bdc64-5a8e-4e7a-83d7-b4f450018661,2025-04-08,11656.85,0.2,13988.22,Relancée
81f126b2-c889-475d-a58c-03f8fba295c2,a76e2480-dc6b-4d7a-89cf-cbc9848c15d2,2025-01-29,10984.07,0.2,13180.88,Payée
7c1c1c1a-f1e7-47a8-8812-3823ce4fac3e,b3a3932e-0a68-41ff-898f-05d25f59b9a8,2022-11-09,9733.61,0.2,11680.33,Relancée
7b68b6b1-a192-4a6a-8f96-a163dfb3acbf,6647595d-50c1-4043-a220-0f5f2c6d7525,2024-10-19,11379.19,0.2,13655.03,Relancée
8a67788a-6890-4f1e-b0d6-013320b67b35,7887fae6-96f7-4f43-9ff8-4544fd4c2336,2022-08-09,12591.46,0.2,15109.75,Émise
fa161c15-1e0f-44d2-9fd1-ac151e7898c5,fa87aa0d-a900-46bf-8e1b-056cd4c896ce,2024-02-02,6301.12,0.2,7561.34,Payée
0714aa2e-48c1-4d8d-a7d3-be99e06d031e,99f0fbb9-d8d9-4ef2-b8be-ddab91aa33d8,2023-11-25,18888.23,0.2,22665.88,Payée
322cf0ad-c786-4313-b22d-0a6ac7431263,d9d812c0-f98a-4596-a7f1-19c1be01c80c,2023-02-12,14393.12,0.2,17271.74,Relancée
45d818ff-79ee-4033-b019-dd168edd85ae,af518df3-f84d-438d-9966-aecc0d0ddc4d,2024-03-13,7023.77,0.2,8428.52,Payée
dbce27c7-7cbf-4040-a110-5926f9c9398b,e6c15b83-4920-4ed7-b094-4fe8eeb78588,2024-12-20,18740.31,0.2,22488.37,Relancée
fca53624-d1c8-4932-bc58-b92c36512d07,11cb12b7-6500-4cf7-8cdf-0d93efb55921,2024-05-05,6468.0,0.2,7761.6,Relancée
fedda630-d051-45fd-88ab-afe5a4e6fefb,4290fff6-a80e-431c-a88b-db8efa0ce72f,2024-02-09,8214.19,0.2,9857.03,Payée
e570fede-a2b5-4dbb-a55e-7348c777eee5,367d9f2d-0a86-4c08-b036-372639a512f7,2024-11-16,19137.57,0.2,22965.08,Émise
24ebeb33-d60d-4d66-8638-1bd83621e190,4a35432a-d5f4-4f25-aed1-c11a4d72b6d6,2025-06-16,1799.26,0.2,2159.11,Relancée
eb414e07-0ad4-4d94-8fe4-77b425b41058,c2b04ca8-21a2-4b09-846e-846f4ea91d9a,2023-04-16,7580.91,0.2,9097.09,Payée
1f9ba76b-3522-4eda-9bd7-6d9c96379660,a0f81947-137b-47bd-8cac-2d771a70a3e0,2024-07-22,15199.43,0.2,18239.32,Émise
ae0e802c-8b23-496e-ad5e-e6dc6804f5ec,f7f7d702-9eb1-4c55-aa8d-219d697febb5,2022-11-12,16731.08,0.2,20077.3,Payée
0f95507b-8412-472c-89e3-9b1903114327,e6c15b83-4920-4ed7-b094-4fe8eeb78588,2022-08-16,14227.25,0.2,17072.7,Émise
cecac998-c759-474c-bd2c-ea17e2adbce4,6949b152-88ab-4e80-a025-1562745e70ee,2025-01-19,12697.86,0.2,15237.43,Relancée
56460b2e-3f32-4272-856e-8b2e6e96d5c7,7b45d1aa-eabb-411d-a194-e0ecfbe6e782,2022-11-03,5606.7,0.2,6728.04,Relancée
c1c498d4-aeeb-4fd8-b834-9bbecb3ebe08,5fbb65d1-2cae-4bad-89a3-1e0cf2a645e3,2022-08-12,5287.76,0.2,6345.31,Émise
ddf35294-6451-401d-a2dd-aa16efaeae6d,573285a1-761a-4c72-9cbf-fbd79cc6da88,2023-09-02,2903.76,0.2,3484.51,Payée
01026c4f-07f6-440f-9c46-dd360bb147f7,435ed83c-bb7e-465c-b4aa-287d9d1e6957,2023-06-22,2910.35,0.2,3492.42,Émise
25e841d7-3f5e-42bc-a058-d259b125366d,96046024-504f-4b61-b7cd-04ee0afddfd5,2022-09-21,19325.86,0.2,23191.03,Émise
dd992bef-5b87-4472-83bf-201bacc9fbc1,9292307a-94a6-40fe-82a9-f9c8f9b2e743,2022-10-23,13404.96,0.2,16085.95,Payée
3cb4d5e2-9900-4228-9587-ab5d5b2c04d2,a76e2480-dc6b-4d7a-89cf-cbc9848c15d2,2024-03-31,13360.24,0.2,16032.29,Payée
33797b95-8e9b-4a3f-9535-f8d70287d022,2466c1bb-7f5c-4236-961f-ecec05719d7a,2024-09-15,6422.89,0.2,7707.47,Émise
f8f316fe-4de6-48c5-99a7-9f2c77e8f75f,97ec3088-a469-4b66-91c0-3c1913d7a523,2023-10-10,13393.68,0.2,16072.42,Émise
798bbbeb-5069-4f60-a139-0aa9910e43d1,6e6176c0-f267-4ad2-b06f-cf818f9ceea1,2025-03-24,15035.04,0.2,18042.05,Émise
52a68e6c-1afa-41a7-971a-f26180acac7b,b3a3932e-0a68-41ff-898f-05d25f59b9a8,2024-09-07,8939.81,0.2,10727.77,Émise
3f7d2cce-8277-4d3e-a8c7-1b25583f89e4,72087a01-8cdc-4d3f-ace4-6b290abed523,2024-04-27,19946.26,0.2,23935.51,Payée
520b284a-4136-4568-82c0-bdf769d327dc,a85698f6-489d-444f-b170-5483f65a5958,2024-05-10,4539.92,0.2,5447.9,Relancée
82df5f23-6f0d-4e4c-8cb7-0f222eb933a7,4a35432a-d5f4-4f25-aed1-c11a4d72b6d6,2025-07-16,17658.12,0.2,21189.74,Émise
16c28af3-d510-4bf5-b5c7-18065d5cc865,11400748-cd6e-4a60-a8dc-b8ccfaf13cb7,2024-04-06,11791.28,0.2,14149.54,Émise
